collision_id,date,location_id,road_type,light_condition,severity_raw,month,hour,is_holiday,vmt,precipitation_mm,visibility_km,wind_kph,temp_c,severe_weather,severe_rate,severe,traffic_x_precip,traffic_x_visibility,speed_proxy,is_severe_weather,is_holiday_period,is_night
0,2020-01-01 00:00:00,103,arterial,dark,0,1,0,False,3577.2611476643947,5.859879546072542,16.498268286222252,15.70035430506865,16.306985568562624,0.0,0.0,0,20962.319430158575,59018.6141440465,50,0.0,0,1
1,2020-01-01 06:00:00,180,local,daylight,0,1,6,False,2049.9274699684215,0.2249763851543331,14.711623344063929,25.560477662915726,-0.354269692523963,0.0,0.0,0,461.1852720220632,30157.760820825337,30,0.0,0,0
2,2020-01-01 12:00:00,93,highway,daylight,0,1,12,False,3591.6960026693064,1.7588553846291457,20.363861277441163,22.623316051442426,14.612338269032737,1.0,0.0,0,6317.273854245888,73140.7991490977,100,1.0,0,0
3,2020-01-01 18:00:00,15,local,daylight,1,1,18,False,18181.124999912205,0.7712370987287743,11.028912130187166,9.260119567695194,23.87380208113789,0.0,55.00209695521201,1,14021.958096557477,200518.03005198084,30,0.0,0,0
4,2020-01-02 00:00:00,107,arterial,daylight,1,1,0,False,2587.6286226460375,1.075319443680928,7.500979177599493,19.798144488920713,-2.067465729362447,0.0,386.45421960800064,1,2782.5273709565827,19409.748417828385,50,0.0,0,1
5,2020-01-02 06:00:00,72,arterial,dusk,0,1,6,False,15640.592469482344,2.155711564603781,16.607759401732277,8.961582002817602,8.18783265970929,0.0,0.0,0,33716.6060637179,259755.19663370846,50,0.0,0,0
6,2020-01-02 12:00:00,189,highway,daylight,0,1,12,False,6290.1688600969665,0.25685067756077135,14.798700875229422,16.80509831865736,26.055202082504977,0.0,0.0,0,1615.6341336875705,93086.32741525782,100,0.0,0,0
7,2020-01-02 18:00:00,21,arterial,daylight,0,1,18,False,693.8894520492189,2.1632511646611077,14.164370181701472,19.855496700577824,-12.226353838584966,1.0,0.0,0,1501.0571652915305,9828.50706400313,50,1.0,0,0
9,2020-01-03 06:00:00,122,local,daylight,1,1,6,False,8353.020500496674,0.9904668771960868,15.993010799200261,36.006699979653845,13.314107008907339,0.0,119.71717296043263,1,8273.390130281834,133589.94707038449,30,0.0,0,0
10,2020-01-03 12:00:00,75,local,daylight,0,1,12,False,1623.7631793913279,2.0326055610420664,23.97536828313781,13.075499737802168,5.247123992475412,1.0,0.0,0,3300.4700682461594,38930.32023050585,30,1.0,0,0
11,2020-01-03 18:00:00,88,highway,daylight,0,1,18,False,672.2132809979672,0.32081392157569655,8.342288140959274,27.556272777567784,31.847400598713143,0.0,0.0,0,215.65537881222352,5607.796882264666,100,0.0,0,0
12,2020-01-04 00:00:00,117,local,dark,0,1,0,False,426.8272636342334,2.2104974779966593,14.214493008924315,19.968089200995408,10.890194468422647,0.0,0.0,0,943.5005898036882,6067.133154947106,30,0.0,0,1
13,2020-01-04 06:00:00,100,arterial,daylight,0,1,6,False,6730.904612642799,0.2737448706308818,15.377464055127705,38.39146247188324,21.137968880741713,0.0,0.0,0,1842.5506124167089,103504.24373940792,50,0.0,0,0
14,2020-01-04 12:00:00,104,arterial,daylight,1,1,12,False,292.60703860896945,2.4084583836434477,12.780329491522096,12.554592043797422,15.00358752040126,0.0,3417.552785995581,1,704.7318752508544,3739.6143649611568,50,0.0,0,0
15,2020-01-04 18:00:00,152,arterial,daylight,0,1,18,False,2298.4457718303197,0.9493079003109728,15.822017720574209,22.807721230762493,22.933754870591123,1.0,0.0,0,2181.9327296348742,36366.049731678184,50,1.0,0,0
16,2020-01-05 00:00:00,131,highway,dark,0,1,0,False,1772.2081853985392,1.7310527189464928,12.76485035847044,20.447253611122456,7.114345990260766,0.0,0.0,0,3067.7857978733714,22621.97229066879,100,0.0,0,1
17,2020-01-05 06:00:00,150,highway,daylight,1,1,6,False,1882.690121126552,3.740735685001572,15.767964952556623,35.393470268926556,-10.662113267919274,0.0,531.1548559046066,1,7042.646119898024,29686.191846448055,100,0.0,0,0
18,2020-01-05 12:00:00,53,arterial,dark,0,1,12,False,20482.001478458355,0.7874413962681363,13.72553745556368,14.7698559659952,11.556272306397766,0.0,0.0,0,16128.375842563277,281126.4784574908,50,0.0,0,0
19,2020-01-05 18:00:00,2,local,daylight,0,1,18,False,12592.605654412266,0.3978196551421142,12.31087205230446,32.343306098317846,-15.231602739575756,1.0,0.0,0,5009.586038778925,155025.95701659506,30,1.0,0,0
21,2020-01-06 06:00:00,158,local,daylight,0,1,6,False,19140.328741733338,0.26441973391157253,17.406306064729,21.83867803419545,-0.5963057049215141,0.0,0.0,0,5061.080632869153,333162.42025813984,30,0.0,0,0
22,2020-01-06 12:00:00,38,arterial,dusk,0,1,12,False,1294.4221249473846,1.4973743718522825,7.212680021546917,18.37869281728614,0.34503476674054845,0.0,0.0,0,1938.2345162547867,9336.252600056308,50,0.0,0,0
23,2020-01-06 18:00:00,130,arterial,daylight,0,1,18,False,6718.145196204562,3.850867101528883,18.46950887113165,12.35932135405864,20.170497060269778,0.0,0.0,0,25870.684319358454,124080.84229885065,50,0.0,0,0
24,2020-01-07 00:00:00,192,arterial,daylight,0,1,0,False,4322.262463328482,1.683113317796192,11.371261334562712,17.51270406603009,4.694586883938046,0.0,0.0,0,7274.857515038744,49149.576027078954,50,0.0,0,1
25,2020-01-07 06:00:00,188,local,dark,0,1,6,False,7001.876397487193,0.3266391428457993,18.092115253583835,14.265957030944072,29.66928331974749,0.0,0.0,0,2287.08690478745,126678.75477468666,30,0.0,0,0
27,2020-01-07 18:00:00,161,arterial,dusk,0,1,18,False,6948.111966289956,0.4361412727350627,18.566651041231136,2.9830915629132058,-20.65077201887298,0.0,0.0,0,3030.3583960834208,129003.17027350793,50,0.0,0,0
28,2020-01-08 00:00:00,58,arterial,daylight,0,1,0,False,72.27642811237423,0.744907903130696,14.755244259199754,21.081238981965182,-2.1064453822278004,0.0,0.0,0,53.83928251096518,1066.4563509805737,50,0.0,0,1
29,2020-01-08 06:00:00,22,highway,dark,1,1,6,False,591.8168179590194,0.2600291031061892,10.352919632703276,42.74327360521515,15.207416360863558,0.0,1689.7120353028652,1,153.88959637704266,6127.031953611913,100,0.0,0,0
30,2020-01-08 12:00:00,89,highway,dark,0,1,12,False,14976.289285454997,2.397851312678368,12.80610056602611,13.401356369645542,-11.172447737621617,0.0,0.0,0,35910.91492217924,191787.866695436,100,0.0,0,0
31,2020-01-08 18:00:00,49,arterial,dusk,0,1,18,False,795.1545645040624,0.6624982821484189,20.968335985961865,26.57477552423834,0.7283870936625769,0.0,0.0,0,526.7885330264154,16673.068069292367,50,0.0,0,0
32,2020-01-09 00:00:00,59,arterial,dusk,1,1,0,False,10643.56521528913,4.12534254515823,15.259141823227825,14.849252405317863,14.796545208316228,0.0,93.95348079077233,1,43908.35241479847,162411.67112487124,50,0.0,0,1
33,2020-01-09 06:00:00,170,arterial,dark,0,1,6,False,5588.705016758882,2.7724077244107193,12.709825548238648,3.7110378060535893,1.2144968322510654,0.0,0.0,0,15494.168957915263,71031.46580357154,50,0.0,0,0
36,2020-01-10 00:00:00,190,arterial,daylight,0,1,0,False,833.2076778363162,1.2790289285563643,10.798872885636847,20.620156882902222,2.277140083384896,1.0,0.0,0,1065.6967234479198,8997.703800291036,50,1.0,0,1
38,2020-01-10 12:00:00,175,local,dusk,1,1,12,False,3081.1137352355395,0.44548490798765894,6.187447338549974,11.256239667323737,15.003409894895064,0.0,324.5579637531796,1,1372.5896688409164,19064.22898085291,30,0.0,0,0
40,2020-01-11 00:00:00,51,arterial,dusk,0,1,0,False,1270.4521070573471,2.5555848163613444,15.020335623468993,9.254284203746906,7.166950964698443,0.0,0.0,0,3246.7481147100334,19082.617041544712,50,0.0,0,1
41,2020-01-11 06:00:00,108,highway,dark,0,1,6,False,8597.150979118464,0.14740822326919645,18.35080143086157,31.053386315347595,-1.9550455758600034,0.0,0.0,0,1267.2907510088853,157764.61048894003,100,0.0,0,0
42,2020-01-11 12:00:00,55,arterial,daylight,0,1,12,False,5856.239713472161,0.4839668208184732,5.339477698027226,2.744596354335041,-5.6478323823534335,0.0,0.0,0,2834.225716080008,31269.261344385955,50,0.0,0,0
43,2020-01-11 18:00:00,64,arterial,daylight,1,1,18,False,7506.137599436545,0.34437293934263763,13.595713524496412,9.514922146887681,-1.6432639347598554,0.0,133.22430967360177,1,2584.910668228253,102051.29647739047,50,0.0,0,0
46,2020-01-12 12:00:00,135,local,daylight,0,1,12,False,2697.7427221196067,0.12497900900702354,18.28176682483444,21.889806248101063,11.591451025849132,0.0,0.0,0,337.16121196641853,49319.503399184774,30,0.0,0,0
48,2020-01-13 00:00:00,73,arterial,dark,0,1,0,False,6416.057420720912,3.6890170071360116,6.2264160998115265,17.091214301366406,5.325280391883668,0.0,0.0,0,23668.944943800656,39949.04322169191,50,0.0,0,1
49,2020-01-13 06:00:00,167,arterial,daylight,0,1,6,False,153.72459885982485,0.6338517911758825,12.427461066233189,38.138977842617635,9.589294582978997,0.0,0.0,0,97.438612335094,1910.4064672527882,50,0.0,0,0
50,2020-01-13 12:00:00,18,highway,daylight,1,1,12,False,2819.1591565569024,1.870641141101502,17.28340805414961,17.676073899601846,2.178390852851645,1.0,354.7156951654056,1,5273.635101568352,48724.67807236519,100,1.0,0,0
51,2020-01-13 18:00:00,132,highway,daylight,0,1,18,False,2972.2216289995486,0.15915182906556774,10.434459549521076,49.47976061595736,-3.7657001333267157,1.0,0.0,0,473.0345086435195,31013.52636000743,100,1.0,0,0
53,2020-01-14 06:00:00,60,highway,daylight,0,1,6,False,2181.734153666647,1.0496559275387043,12.834334453173167,2.1375834386943318,18.491607191398415,0.0,0.0,0,2290.0701867098346,28001.10581606845,100,0.0,0,0
54,2020-01-14 12:00:00,14,highway,daylight,0,1,12,False,6558.971018602478,2.1261456117844313,5.029489289463818,29.57802611770638,-22.316788838015157,0.0,0.0,0,13945.32744902292,32988.27448796475,100,0.0,0,0
55,2020-01-14 18:00:00,9,highway,daylight,0,1,18,False,4167.638829619068,0.5112543838926679,18.11917693767675,39.01727147770857,-8.754686597745025,0.0,0.0,0,2130.723622124056,75514.18536619995,100,0.0,0,0
56,2020-01-15 00:00:00,90,arterial,daylight,0,1,0,False,9824.242620609068,0.46017210867879554,19.038678862700134,13.883967823653705,-0.6793865048962333,0.0,0.0,0,4520.842442897771,187040.60032302764,50,0.0,0,1
59,2020-01-15 18:00:00,84,local,daylight,0,1,18,False,967.5795662203678,3.1312639597022915,17.423015643176118,5.059772278706081,-13.40086356490292,0.0,0.0,0,3029.7470238502146,16858.15391827503,30,0.0,0,0
60,2020-01-16 00:00:00,92,arterial,daylight,1,1,0,False,946.0839080457115,2.666264786501292,6.929806600344541,16.22547843736894,19.44031050752107,0.0,1056.9886999406438,1,2522.510209097807,6556.17851045493,50,0.0,0,1
61,2020-01-16 06:00:00,111,arterial,daylight,0,1,6,False,204.6862927713845,0.08953847472724566,16.200630618746732,0.3169387295840451,28.475456787848326,1.0,0.0,0,18.327298452324218,3316.0470219098497,50,1.0,0,0
63,2020-01-16 18:00:00,199,arterial,dark,0,1,18,False,6607.417995902915,0.14991179711363975,14.615226153548937,29.755722883302752,-2.4268494182169498,0.0,0.0,0,990.52990604681,96568.9083011502,50,0.0,0,0
64,2020-01-17 00:00:00,172,arterial,daylight,0,1,0,False,1480.275907775299,0.8051078986738671,9.413299998287389,6.261298886243104,16.121947308244692,0.0,0.0,0,1191.781825566522,13934.281200126085,50,0.0,0,1
65,2020-01-17 06:00:00,8,arterial,dark,0,1,6,False,976.7066214190829,2.174838398391093,20.613319764846672,0.10779766367715027,1.6053917908006032,0.0,0.0,0,2124.179064225054,20133.165903754598,50,0.0,0,0
67,2020-01-17 18:00:00,35,arterial,dark,0,1,18,False,1291.0178579149958,0.06185762224950046,16.36005825033996,38.18617352404213,5.632199494138592,0.0,0.0,0,79.85929497226508,21121.12735771845,50,0.0,0,0
68,2020-01-18 00:00:00,81,arterial,daylight,0,1,0,False,4103.899295649418,0.6007069550239021,10.412459021194945,6.1309424171306475,-13.921916575520157,1.0,0.0,0,2465.2408496142984,42731.68324306035,50,1.0,0,1
69,2020-01-18 06:00:00,164,arterial,daylight,0,1,6,False,2104.8516387699747,1.963586747219723,25.59299765038873,24.436926743640033,-3.879674093957288,0.0,0.0,0,4133.058782752438,53869.46304545683,50,0.0,0,0
70,2020-01-18 12:00:00,50,highway,dark,0,1,12,False,2150.8519217515513,1.10645269715453,18.47682910996821,39.58826203229759,-4.189042232335982,0.0,0.0,0,2379.8159100020084,39740.92339905013,100,0.0,0,0
74,2020-01-19 12:00:00,134,local,daylight,1,1,12,False,578.5478103176431,2.312971798488729,0.5,23.610061703529645,-1.16170482228278,1.0,1728.4656205871127,1,1338.164769342115,289.27390515882155,30,1.0,0,0
75,2020-01-19 18:00:00,54,arterial,dusk,1,1,18,False,129.10961888893283,0.9235205786448168,16.920850541121485,12.523742892939868,10.68875800950245,0.0,7745.356299597281,1,119.23538994491902,2184.644564640788,50,0.0,0,0
76,2020-01-20 00:00:00,106,local,daylight,1,1,0,False,470.56093246068474,0.02946130158275555,17.551897734411362,15.544285601083594,5.030809538890741,0.0,2125.1232965107015,1,13.8633375442869,8259.23736435919,30,0.0,0,1
77,2020-01-20 06:00:00,4,arterial,daylight,0,1,6,False,2568.075794590611,0.2833613478053367,17.258684649450952,21.36279432977394,24.618302810849954,0.0,0.0,0,727.6934184214566,44321.610294727536,50,0.0,0,0
79,2020-01-20 18:00:00,191,arterial,daylight,0,1,18,False,303.5753914488423,2.098604255802786,12.175137678145427,14.443765923749849,15.598888725388077,0.0,0.0,0,637.0846084515372,3696.072186586547,50,0.0,0,0
80,2020-01-21 00:00:00,146,arterial,daylight,0,1,0,False,6680.365589323839,5.3794091760880605,17.746569203086672,49.13595894249363,15.589977135204014,0.0,0.0,0,35936.41995083159,118553.57023285438,50,0.0,0,1
81,2020-01-21 06:00:00,44,arterial,daylight,0,1,6,False,491.2919835289016,0.3164270069553522,11.650037248621725,35.20144820304545,7.164762549136974,0.0,0.0,0,155.45805188920852,5723.569908060955,50,0.0,0,0
82,2020-01-21 12:00:00,162,local,daylight,0,1,12,False,6058.507245057664,0.19674721533397227,10.848085586655785,36.379609242082246,6.699784597326374,0.0,0.0,0,1191.9944295457913,65723.20512175969,30,0.0,0,0
85,2020-01-22 06:00:00,95,local,daylight,0,1,6,False,1236.4085823149867,1.1276535460759916,20.55612007200554,57.14132607958307,16.52583097718024,1.0,0.0,0,1394.2405222462842,25415.763276125013,30,1.0,0,0
86,2020-01-22 12:00:00,48,arterial,daylight,0,1,12,False,2266.214352216187,5.546060924048888,23.575380637268506,10.748253136685875,5.8983978489739695,0.0,0.0,0,12568.562864344956,53426.86595913748,50,0.0,0,0
88,2020-01-23 00:00:00,200,local,daylight,0,1,0,False,3650.4451602412587,1.109377577099813,11.77516044117547,31.755706185390302,19.294045850586503,0.0,0.0,0,4049.7220072041864,42984.57744355332,30,0.0,0,1
90,2020-01-23 12:00:00,40,arterial,daylight,0,1,12,False,2119.221403206068,0.11520881279069234,17.167137313234566,33.52212216744766,5.635940988309296,0.0,0.0,0,244.1529819039962,36380.9648259842,50,0.0,0,0
91,2020-01-23 18:00:00,82,local,dark,0,1,18,False,24932.946057704943,2.53397329057609,15.145300580679633,20.135168331036574,-25.12598712319507,0.0,0.0,0,63179.41936559874,377616.96240581264,30,0.0,0,0
94,2020-01-24 12:00:00,24,arterial,dark,0,1,12,False,5377.711287052252,1.4942815738715294,15.46842414336764,5.051109226172908,-2.530050219737868,0.0,0.0,0,8035.814885843128,83184.71910869973,50,0.0,0,0
95,2020-01-24 18:00:00,154,arterial,dark,1,1,18,False,6818.849084000117,1.3602829385718107,15.000798985205183,7.942260511833801,-10.455462698663347,0.0,146.65231444209843,1,9275.56406966138,102288.18441953625,50,0.0,0,0
97,2020-01-25 06:00:00,124,highway,daylight,0,1,6,False,2174.0828921067045,0.46577562276750506,15.109491267390394,41.86010110748978,-15.91371972156918,0.0,0.0,0,1012.6348130191789,32849.286472869106,100,0.0,0,0
98,2020-01-25 12:00:00,41,highway,daylight,0,1,12,False,787.3238449714197,0.7437617378123976,22.373183225568567,21.54410017659118,12.21292628102944,0.0,0.0,0,585.5813511570818,17614.940641404715,100,0.0,0,0
99,2020-01-25 18:00:00,157,highway,dark,1,1,18,False,1768.747993507559,0.42133484633164686,20.059004912006934,43.40026208617199,2.557000613192936,0.0,565.3716660997735,1,745.235164043916,35479.32468987053,100,0.0,0,0
101,2020-01-26 06:00:00,45,arterial,daylight,0,1,6,False,2553.0154346173713,1.2762759038036429,15.434504661199126,28.948107453369424,33.37592997330845,0.0,0.0,0,3258.3520812409356,39404.52862571513,50,0.0,0,0
102,2020-01-26 12:00:00,65,local,daylight,0,1,12,False,13051.819893028429,0.9547505613577889,12.07290169581401,14.825036305489075,8.00522534706481,1.0,0.0,0,12461.232369609648,157573.33852000197,30,1.0,0,0
104,2020-01-27 00:00:00,71,arterial,dark,1,1,0,False,2960.2710780115367,4.699291035348238,11.385606356254087,33.62918322750498,6.37816332697188,0.0,337.8069013435474,1,13911.175339100279,33704.48120204329,50,0.0,0,1
107,2020-01-27 18:00:00,129,arterial,dusk,0,1,18,False,3615.3985508879337,2.8214713024935665,17.528597240531017,25.684121412196934,4.8466074825295715,0.0,0.0,0,10200.74325840713,63372.86506251407,50,0.0,0,0
108,2020-01-28 00:00:00,136,highway,dark,0,1,0,False,7225.706496304152,1.4998065458547412,18.372895681776825,24.101114813631035,-15.77368779545888,0.0,0.0,0,10837.161901582094,132757.1516837333,100,0.0,0,1
109,2020-01-28 06:00:00,63,highway,dark,0,1,6,False,1038.7984094425926,0.2714939402341382,19.004832771633446,14.289232777608508,5.29679215915541,1.0,0.0,0,282.0274732885251,19742.190054895284,100,1.0,0,0
110,2020-01-28 12:00:00,139,highway,daylight,0,1,12,False,7106.8205754434875,0.5669544688393888,18.46430028039515,25.54959832221754,23.534514417271865,0.0,0.0,0,4029.2436844874023,131222.46914387922,100,0.0,0,0
113,2020-01-29 06:00:00,163,highway,daylight,0,1,6,False,8334.52341370856,6.515218873265612,15.191149364317045,27.491657615243014,8.357302416156045,0.0,0.0,0,54301.24424466815,126610.99005804434,100,0.0,0,0
115,2020-01-29 18:00:00,33,local,dark,0,1,18,False,5517.461675810541,3.4470709279405116,11.711409302907906,32.820696029433975,6.777270696009158,0.0,0.0,0,19019.08173871245,64617.25199852542,30,0.0,0,0
116,2020-01-30 00:00:00,123,arterial,dark,1,1,0,False,3792.830155923637,0.0841895014505086,12.890306377455246,6.9187644013037755,-19.100216653983026,0.0,263.65535995283136,1,319.31647991366583,48890.742747507036,50,0.0,0,1
117,2020-01-30 06:00:00,5,local,dusk,0,1,6,False,22264.602151687828,1.252834787087893,25.510673471322526,14.343501471392774,7.215244114953509,0.0,0.0,0,27893.868096306465,567984.9954606132,30,0.0,0,0
119,2020-01-30 18:00:00,28,arterial,daylight,0,1,18,False,2255.7391766236105,0.5079246946230558,13.804100063662688,48.07650848795696,-8.689069326388925,0.0,0.0,0,1145.7456324358106,31138.4493116364,50,0.0,0,0
122,2020-01-31 12:00:00,12,local,daylight,0,1,12,False,3121.209655660125,2.357029895702116,19.40010498912685,12.8450470011594,-16.258265338734187,0.0,0.0,0,7356.784469145022,60551.79501288288,30,0.0,0,0
126,2020-02-01 12:00:00,151,arterial,dark,0,2,12,False,210.71216500605897,0.8578085498543049,15.086623546765383,1.5107870975926154,7.006271104826079,0.0,0.0,0,180.75069670050846,3178.935110170322,50,0.0,0,0
127,2020-02-01 18:00:00,62,arterial,dusk,0,2,18,False,7237.913243301602,5.071077837130373,14.811981213563982,15.040901498088765,-9.465930247864176,0.0,0.0,0,36704.02143517917,107207.83498518929,50,0.0,0,0
128,2020-02-02 00:00:00,37,arterial,dark,0,2,0,False,63.500844523550114,0.32563835223899473,10.477116834613202,47.97950931037647,24.685209658956897,0.0,0.0,0,20.67831037643345,665.3057671698425,50,0.0,0,1
129,2020-02-02 06:00:00,99,arterial,dark,0,2,6,False,4947.539699756716,0.051912864340431165,18.48411961548063,4.641882876201766,13.376120752017911,0.0,0.0,0,256.84095725236796,91450.91561264226,50,0.0,0,0
133,2020-02-03 06:00:00,193,local,dark,0,2,6,False,4927.7949263467535,1.1705695204077333,9.03287685929263,17.015551166625706,-16.75051990491972,0.0,0.0,0,5768.326543601381,44512.16475753722,30,0.0,0,0
134,2020-02-03 12:00:00,101,arterial,dusk,0,2,12,False,3157.2601752265014,4.599294755680235,16.857604826748968,38.0974565817305,3.8615428443232824,0.0,0.0,0,14521.170166237309,53223.84436920056,50,0.0,0,0
137,2020-02-04 06:00:00,1,arterial,daylight,0,2,6,False,57.9394653644965,0.9888953474224388,7.194094107385527,51.66886676337383,-15.113074327896221,0.0,0.0,0,57.296067731094126,416.8219663637921,50,0.0,0,0
139,2020-02-04 18:00:00,142,highway,daylight,0,2,18,False,9417.32676761646,0.0020502894032973003,8.980298263794221,28.64856293802619,23.36763772273616,0.0,0.0,0,19.308245279032047,84570.40322080893,100,0.0,0,0
141,2020-02-05 06:00:00,27,highway,daylight,0,2,6,False,5236.202636129148,8.903958858178896,15.858499653709151,28.439616375949242,25.075657355588042,0.0,0.0,0,46622.932845181815,83038.31769180504,100,0.0,0,0
142,2020-02-05 12:00:00,137,arterial,daylight,0,2,12,False,36715.27938403547,0.5179838319924043,13.585079635045313,10.880106926877428,32.11638014956559,0.0,0.0,0,19017.921108014412,498779.9942550593,50,0.0,0,0
145,2020-02-06 06:00:00,42,arterial,daylight,0,2,6,False,6132.697027688144,1.390749279858186,20.52717838946291,10.620446068861852,18.24731218630108,0.0,0.0,0,8529.043974845723,125886.96589588349,50,0.0,0,0
147,2020-02-06 18:00:00,179,arterial,dark,0,2,18,False,15739.326207693908,1.1334697644823468,7.928155945563011,17.14090903761696,29.71490040378813,0.0,0.0,0,17840.050369745644,124783.83265268418,50,0.0,0,0
149,2020-02-07 06:00:00,96,highway,dusk,1,2,6,False,830.7736482654325,0.29211290174119314,17.62104394752997,10.191716219187644,24.62798550581624,0.0,1203.6973032159774,1,242.67970108493284,14639.098966534992,100,0.0,0,0
150,2020-02-07 12:00:00,52,highway,daylight,0,2,12,False,7922.007707767896,2.204306068707423,17.72466611538802,8.966262282158429,3.1477701739694304,0.0,0.0,0,17462.529666579758,140414.94158371634,100,0.0,0,0
154,2020-02-08 12:00:00,143,arterial,daylight,0,2,12,False,3081.8872624692576,0.01928399297177259,22.182414121480136,8.496908106456424,-8.74372709581539,1.0,0.0,0,59.43109230925263,68363.69953180781,50,1.0,0,0
155,2020-02-08 18:00:00,171,arterial,daylight,1,2,18,False,1058.4319924011818,1.941597079286741,10.736927510304431,16.56913724698049,4.584575559073271,0.0,944.7938149822724,1,2055.0484650697804,11364.307576998579,50,0.0,0,0
156,2020-02-09 00:00:00,29,highway,daylight,1,2,0,False,2325.716958691614,0.7200450345202403,19.07616121343249,1.9698964274955486,-1.9099636799019812,0.0,429.974935798969,1,1674.6209478054113,44365.751640815135,100,0.0,0,1
157,2020-02-09 06:00:00,36,highway,daylight,1,2,6,False,7243.0056759199715,1.1089275165480175,23.91720951254578,4.901726991295604,7.450768020761522,0.0,138.0642297885518,1,8031.968296541128,173232.48425153623,100,0.0,0,0
158,2020-02-09 12:00:00,13,arterial,daylight,1,2,12,False,3845.5753672166106,0.5169284709471701,14.765189264470823,5.34966451936727,4.583126282094299,0.0,260.0391110586373,1,1987.8873944873847,56780.64812774015,50,0.0,0,0
159,2020-02-09 18:00:00,160,arterial,dark,0,2,18,False,1654.213397313427,0.581258421030473,5.405368654535744,19.844735339852445,6.637473494646961,0.0,0.0,0,961.5254673698571,8941.633245751082,50,0.0,0,0
161,2020-02-10 06:00:00,187,local,daylight,0,2,6,False,9045.334850938872,1.963139608501974,13.915459384484823,6.605581009336955,0.7690874821821918,0.0,0.0,0,17757.2551180414,125869.98973730496,30,0.0,0,0
162,2020-02-10 12:00:00,86,arterial,daylight,0,2,12,False,1896.1632330150119,1.860946940334076,19.221293708290705,19.236452511969656,9.31571165521643,0.0,0.0,0,3528.659166853256,36446.71042064361,50,0.0,0,0
164,2020-02-11 00:00:00,66,arterial,daylight,1,2,0,False,1957.2791019084052,3.1549950876462005,26.93790814471249,26.66267486579829,24.78134961782914,1.0,510.913338330221,1,6175.205951673585,52725.00466077398,50,1.0,0,1
168,2020-02-12 00:00:00,185,arterial,dark,0,2,0,False,3531.864399682852,0.016588995971016526,9.124657243810187,2.7603140778796593,-0.09260454187364076,1.0,0.0,0,58.590084296515535,32227.052078721452,50,1.0,0,1
175,2020-02-13 18:00:00,30,arterial,dark,0,2,18,False,429.7911886028934,0.6522904913037353,18.518195209556026,44.337769879051415,-3.188631623139715,0.0,0.0,0,280.34870557179767,7958.957129895491,50,0.0,0,0
178,2020-02-14 12:00:00,128,arterial,daylight,1,2,12,False,19964.657322103805,0.06418281294774231,13.59236061109713,30.077991680708124,2.833507307486412,0.0,50.088513109255985,1,1281.3878664703623,271366.8217990157,50,0.0,0,0
182,2020-02-15 12:00:00,121,arterial,daylight,0,2,12,False,2772.611576978899,0.6510654330117722,19.0606956861384,24.07388964120883,-2.0654966003879087,0.0,0.0,0,1805.1515569392195,52847.90552465908,50,0.0,0,0
186,2020-02-16 12:00:00,116,highway,dark,0,2,12,False,3732.2872675465956,6.962246837087422,11.67021179365599,9.835754619552823,-6.427150293968204,0.0,0.0,0,25985.105223577943,43556.58288703437,100,0.0,0,0
187,2020-02-16 18:00:00,3,arterial,dusk,0,2,18,False,523.8709374617099,2.6215437494543377,20.04498339212669,25.32080346165911,9.5552277532197,0.0,0.0,0,1373.3505816235297,10500.984241037813,50,0.0,0,0
189,2020-02-17 06:00:00,198,arterial,daylight,0,2,6,False,4425.379761662839,0.970439155023517,12.199179451328112,14.229246564595094,-6.631454321974914,0.0,0.0,0,4294.561796566259,53986.001852800604,50,0.0,0,0
191,2020-02-17 18:00:00,155,arterial,daylight,0,2,18,False,13576.225739579713,0.5927475884889354,25.852381638008286,4.100185873160935,13.69397264675913,0.0,0.0,0,8047.275067917289,350977.76902336604,50,0.0,0,0
194,2020-02-18 12:00:00,165,arterial,daylight,1,2,12,False,6143.803493457902,6.200649188692481,20.69922258952151,41.757788235305654,-1.6069730167282295,0.0,162.76562247878348,1,38095.570147195765,127171.95605736498,50,0.0,0,0
199,2020-02-19 18:00:00,118,arterial,daylight,1,2,18,False,2548.5548338614667,1.3271579393389965,16.81943565567858,10.64232976416286,10.536516860804165,0.0,392.379236543575,1,3382.334781600023,42865.25404310155,50,0.0,0,0
203,2020-02-20 18:00:00,113,arterial,daylight,0,2,18,False,5485.992917694839,0.34985446303126044,13.144001863685618,23.01312892452581,16.022982621373018,0.0,0.0,0,1919.2991064134258,72107.90113434706,50,0.0,0,0
205,2020-02-21 06:00:00,186,arterial,daylight,0,2,6,False,8425.624429767919,2.3769250488231015,11.070575327083748,12.733356125897478,0.8377710525943023,0.0,0.0,0,20027.077759091226,93276.5099274628,50,0.0,0,0
208,2020-02-22 00:00:00,39,arterial,daylight,0,2,0,False,936.3667361766865,2.2270292006360464,14.806277435416476,43.2466920294702,27.009024756720912,0.0,0.0,0,2085.31606396975,13864.105677127445,50,0.0,0,1
214,2020-02-23 12:00:00,184,arterial,daylight,1,2,12,False,7239.557893016608,0.2886144688002024,20.66403391793399,3.46671931042858,-14.964535943240449,0.0,138.12998179966428,1,2089.441155641301,149598.46985214192,50,0.0,0,0
221,2020-02-25 06:00:00,87,local,daylight,0,2,6,False,12649.22154945386,0.7034237549154185,12.841958961399868,53.38810991961702,9.031658820878684,0.0,0.0,0,8897.762919073863,162440.78403174132,30,0.0,0,0
223,2020-02-25 18:00:00,147,local,dark,0,2,18,False,5360.687866702912,1.8440301319948889,23.573496880742915,40.20681773513941,21.821679312524303,0.0,0.0,0,9885.269954419571,126370.1587043575,30,0.0,0,0
224,2020-02-26 00:00:00,126,local,daylight,0,2,0,False,1208.5665825723079,2.5202398278810865,16.049954826284992,5.5373559652814635,-3.8736796681849643,0.0,0.0,0,3045.877636044866,19397.439054843173,30,0.0,0,1
231,2020-02-27 18:00:00,68,arterial,daylight,0,2,18,False,3520.2411739535605,0.344156020273866,12.19609590258995,4.950782016492385,-3.3523118098704376,0.0,0.0,0,1211.5121928320593,42933.198957783454,50,0.0,0,0
232,2020-02-28 00:00:00,183,local,dusk,1,2,0,False,6745.398234704412,0.0024060820900436114,6.134859616805823,6.931497316117625,-4.008451745910341,1.0,148.24921601442273,1,16.22998188273408,41382.07122936138,30,1.0,0,1
235,2020-02-28 18:00:00,145,arterial,dusk,0,2,18,False,9318.10586812108,3.0260413753235578,14.66252820315054,23.84337468418026,-29.858240717936653,0.0,0.0,0,28196.973896579628,136626.9900912679,50,0.0,0,0
238,2020-02-29 12:00:00,69,arterial,daylight,0,2,12,False,1904.8757497588892,2.0261355294789563,13.439835686263216,10.795429033091747,14.04707625880084,0.0,0.0,0,3859.536435829351,25601.217079506918,50,0.0,0,0
240,2020-03-01 00:00:00,98,highway,daylight,0,3,0,False,7193.516358851379,0.4963526453932369,15.233483154996819,15.21748669546609,17.272924786291178,0.0,0.0,0,3570.520874395407,109582.31027775652,100,0.0,0,1
243,2020-03-01 18:00:00,144,arterial,dusk,0,3,18,False,6905.79976441021,0.4314052825425773,6.484922944339251,29.95920098370344,-23.998703884353343,0.0,0.0,0,2979.1984985478502,44783.579341236364,50,0.0,0,0
244,2020-03-02 00:00:00,97,highway,daylight,0,3,0,False,642.1507149078346,2.544311519166791,12.55050498305419,11.89143663848823,12.31405376639611,0.0,0.0,0,1633.8314609811937,8059.315747322588,100,0.0,0,1
247,2020-03-02 18:00:00,70,local,dark,0,3,18,False,8442.54848959044,2.3349014886438813,21.2192550480523,12.288531092928952,5.20891086023125,0.0,0.0,0,19712.519036292866,179144.58965616825,30,0.0,0,0
250,2020-03-03 12:00:00,148,arterial,daylight,0,3,12,False,882.5553261782433,0.18617776186114854,22.34519357814981,9.81165332410422,13.59145083601642,0.0,0.0,0,164.31217534650125,19720.869606879995,50,0.0,0,0
255,2020-03-04 18:00:00,195,highway,daylight,0,3,18,False,12430.587072352226,1.7433261617267348,14.71661610621105,11.489987854616604,25.603670845985746,0.0,0.0,0,21670.567648853776,182936.17791863764,100,0.0,0,0
262,2020-03-06 12:00:00,168,arterial,daylight,0,3,12,False,2980.9892289085833,3.6572490695760154,16.98741221076572,30.870701752223617,20.221284102475288,0.0,0.0,0,10902.22008384204,50639.29282732275,50,0.0,0,0
268,2020-03-08 00:00:00,11,local,daylight,0,3,0,False,3142.8476829825545,0.23511318403981002,17.43755801081416,6.999960235803709,-4.362601168160577,0.0,0.0,0,738.9249256981678,54803.58879116117,30,0.0,0,1
270,2020-03-08 12:00:00,178,local,daylight,0,3,12,False,7390.559705067668,4.71565063423089,13.708859409280054,38.87101030407918,10.533926837296338,0.0,0.0,0,34851.297560523606,101316.14395266291,30,0.0,0,0
272,2020-03-09 00:00:00,159,arterial,dark,0,3,0,False,5121.442926013189,0.7948011572788314,17.937587030366064,10.42696121409994,-7.294927831995146,1.0,0.0,0,4070.528764532767,91866.32820641421,50,1.0,0,1
275,2020-03-09 18:00:00,7,local,dusk,0,3,18,False,1560.0990074417853,9.29684758551555,14.484704186004056,37.238080747606105,27.308444816805586,0.0,0.0,0,14504.002690500369,22597.5726236728,30,0.0,0,0
278,2020-03-10 12:00:00,112,arterial,dark,0,3,12,False,145.96405428799497,0.8452799879139921,23.95768565839175,7.389601784996323,-8.916063321215475,0.0,0.0,0,123.38049404443368,3496.960930056212,50,0.0,0,0
284,2020-03-12 00:00:00,140,arterial,dark,0,3,0,False,2055.5563954810295,1.6977816204996379,8.370969835690623,20.26663275835922,-17.84465464104043,0.0,0.0,0,3489.885868148177,17207.000582132645,50,0.0,0,1
285,2020-03-12 06:00:00,197,highway,dusk,0,3,6,False,8855.895197337259,0.1628589122319078,18.381158988197335,9.862649951327697,8.700896568034786,0.0,0.0,0,1442.2614586781224,162781.61760506936,100,0.0,0,0
296,2020-03-15 00:00:00,120,arterial,dark,0,3,0,False,1358.7514429337832,2.0169089182912363,16.094213469428652,42.72479019185151,3.1833895250081543,0.0,0.0,0,2740.4779029942333,21868.03577447051,50,0.0,0,1
304,2020-03-17 00:00:00,166,highway,daylight,0,3,0,False,4125.928437256463,0.10661036069611034,13.261916102759358,7.333073801724094,14.835069322627293,1.0,0.0,0,439.8667189022504,54717.71678088424,100,1.0,0,1
309,2020-03-18 06:00:00,153,highway,dusk,0,3,6,False,4876.715753250346,0.704606373544202,28.431988917415183,26.461252653368206,12.235474671455066,0.0,0.0,0,3436.1650017036077,138654.7282497979,100,0.0,0,0
313,2020-03-19 06:00:00,110,highway,dusk,0,3,6,False,6759.740167804826,0.28282945326851183,14.797671350367457,13.591033371753497,9.92140885113052,0.0,0.0,0,1911.8536158974375,100028.41341705358,100,0.0,0,0
315,2020-03-19 18:00:00,194,arterial,daylight,0,3,18,False,15245.861641671874,0.613870579183321,21.901795622486997,16.08431139744865,8.804997626818098,0.0,0.0,0,9358.98591612189,333911.74576461146,50,0.0,0,0
319,2020-03-20 18:00:00,169,arterial,daylight,1,3,18,False,5723.781080983382,3.2767221440643395,15.706711644661441,25.20458089221268,-5.130666622459749,0.0,174.70968680517626,1,18755.24021583477,89901.77895617453,50,0.0,0,0
334,2020-03-24 12:00:00,176,arterial,daylight,0,3,12,False,9739.911017836006,0.05168944761086161,9.240375726962013,10.05198164453859,30.646363570800382,0.0,0.0,0,503.450620290888,90000.4373519817,50,0.0,0,0
336,2020-03-25 00:00:00,115,arterial,daylight,0,3,0,False,9579.09111669299,1.1476298809167251,13.324002824271986,32.65493752949382,-6.313895206632168,0.0,0.0,0,10993.251197540836,127631.8370927761,50,0.0,0,1
337,2020-03-25 06:00:00,119,arterial,daylight,1,3,6,False,4045.099795328708,0.6057367611699005,17.185298460210266,23.249260919101946,6.621826285240171,0.0,247.21268957438394,1,2450.265648631439,69516.24728405931,50,0.0,0,0
341,2020-03-26 06:00:00,109,arterial,daylight,1,3,6,False,1601.274576792206,0.16385072189668792,21.389978361022983,18.68492801420847,11.385947849004626,0.0,624.5025147425218,1,262.3699953622164,34251.22854764152,50,0.0,0,0
343,2020-03-26 18:00:00,182,local,dark,1,3,18,False,6702.031176089867,1.5663923062219154,13.593513728861218,39.84761154825148,-1.2664840397528767,0.0,149.20849720419014,1,10498.010070286582,91104.1528034335,30,0.0,0,0
354,2020-03-29 12:00:00,61,highway,daylight,1,3,12,False,3583.7497091893906,2.6214570781467526,12.72423557975726,24.84477246125609,6.050464519520052,0.0,279.0373438847632,1,9394.646041460894,45600.47555861237,100,0.0,0,0
361,2020-03-31 06:00:00,17,highway,dark,0,3,6,False,469.394854521129,1.246472163225451,13.132346577953772,7.5621424746112265,-2.0086909157526467,0.0,0.0,0,585.0876197218475,6164.255911479657,100,0.0,0,0
364,2020-04-01 00:00:00,46,highway,daylight,0,4,0,False,5416.76528316573,1.0927890968725527,7.502352972324725,25.663853382657116,-0.06669935847172415,0.0,0.0,0,5919.382041761275,40638.48512254379,100,0.0,0,1
366,2020-04-01 12:00:00,6,highway,dark,0,4,12,False,2950.4796146474555,1.3479090830942448,6.029583804441973,27.549501878352945,0.42551271927385326,0.0,0.0,0,3976.9782720677126,17790.16409981449,100,0.0,0,0
373,2020-04-03 06:00:00,181,arterial,daylight,0,4,6,False,2102.256898109582,0.1365402158760073,20.823016459815367,26.197024955443087,6.49536925956849,0.0,0.0,0,287.0426106947078,43775.32999209622,50,0.0,0,0
381,2020-04-05 06:00:00,67,arterial,daylight,0,4,6,False,7179.965172156594,0.13866411592380945,8.933590519644504,11.378647727872346,16.36811577268738,0.0,0.0,0,995.6035229608365,64142.86879335587,50,0.0,0,0
384,2020-04-06 00:00:00,25,arterial,dark,0,4,0,False,1045.6248709282938,3.4718159931734403,11.02611204475493,0.13484538807488278,0.3872616233520292,0.0,0.0,0,3630.2171497487648,11529.176983637779,50,0.0,0,1
389,2020-04-07 06:00:00,174,arterial,daylight,1,4,6,False,4397.311246386028,0.2503211434558954,10.48180514984519,32.54783388515868,7.0116090832758875,0.0,227.41169409417162,1,1100.7399793268191,46091.75966784124,50,0.0,0,0
391,2020-04-07 18:00:00,114,highway,daylight,0,4,18,False,3604.3886352318877,3.1421552546276326,10.307108737541242,33.2423153702504,16.719721261568605,0.0,0.0,0,11325.548689913998,37150.82559569294,100,0.0,0,0
392,2020-04-08 00:00:00,32,highway,daylight,0,4,0,False,3352.386671395156,0.04742199622878903,18.34458586264026,3.2000815984716375,-11.023777115555049,0.0,0.0,0,158.9768680883437,61498.145138179214,100,0.0,0,1
397,2020-04-09 06:00:00,127,arterial,daylight,0,4,6,False,14838.945688022233,1.9268589017219226,16.964915500799165,16.59355186257227,5.970097786713334,0.0,0.0,0,28592.55459113378,251741.4597182453,50,0.0,0,0
404,2020-04-11 00:00:00,43,arterial,daylight,1,4,0,False,3513.347372343475,0.013075562382220358,17.172596741043314,5.023688658148471,-1.5851042590738142,0.0,284.6288436696709,1,45.938992737487084,60333.29763645865,50,0.0,0,1
408,2020-04-12 00:00:00,26,arterial,dark,0,4,0,False,10281.0893223635,1.467423669984467,17.355014878540118,50.11655031635077,3.3631674062715238,0.0,0.0,0,15086.713824860763,178428.45815721847,50,0.0,0,1
416,2020-04-14 00:00:00,57,arterial,dusk,0,4,0,False,1496.5823873593372,0.7303799812634015,12.794465561725676,9.202328301024615,-0.16636097162551966,0.0,0.0,0,1093.0738160386495,19147.971815354234,50,0.0,0,1
418,2020-04-14 12:00:00,173,local,daylight,0,4,12,False,1042.5641242324475,1.3446313987660239,12.791723776979978,29.837290699838874,-3.90172596109549,0.0,0.0,0,1401.8644566699506,13336.192296970507,30,0.0,0,0
419,2020-04-14 18:00:00,20,arterial,daylight,0,4,18,False,1473.5738491162128,2.9096255115791805,14.103111639346142,11.73975278530834,9.732364761245075,0.0,0.0,0,4287.548064584463,20781.976502906957,50,0.0,0,0
437,2020-04-19 06:00:00,125,arterial,dark,1,4,6,False,591.1588937113398,0.5449275739206209,9.826278039797776,44.54581946707059,-27.31943128464333,0.0,1691.592583039604,1,322.13878175171857,5808.891655306887,50,0.0,0,0
456,2020-04-24 00:00:00,196,highway,daylight,0,4,0,False,1396.7090505414315,1.6241515422910588,19.068107105415294,12.294952559968772,15.969188350359195,0.0,0.0,0,2268.4671585687465,26632.597770826917,100,0.0,0,1
460,2020-04-25 00:00:00,94,local,daylight,0,4,0,False,7406.735037455722,1.5275178620313832,15.49666460930802,13.426561835083014,13.887581458307807,0.0,0.0,0,11313.9200690473,114779.68872546179,30,0.0,0,1
461,2020-04-25 06:00:00,47,arterial,daylight,0,4,6,False,3079.500516145608,3.1332914322613403,16.076864015616213,22.199894953364517,-1.7618595085127096,0.0,0.0,0,9648.972582883409,49508.71103409288,50,0.0,0,0
476,2020-04-29 00:00:00,19,highway,daylight,0,4,0,False,1058.8507038817265,1.2752423041829233,19.184240350149146,16.766033900006903,20.566950801129032,1.0,0.0,0,1350.2912114038431,20313.246398191644,100,1.0,0,1
483,2020-04-30 18:00:00,23,arterial,dark,0,4,18,False,282.75586218633595,1.8381021944140428,14.064711036786106,16.017267821624852,-2.524674930524478,0.0,0.0,0,519.7341707681387,3976.87949560813,50,0.0,0,0
491,2020-05-02 18:00:00,34,arterial,daylight,1,5,18,False,5163.6676946938305,0.018184746588554766,8.876821375569573,33.73184746526053,16.38930221007991,0.0,193.6607967680796,1,93.89998849551408,45836.95576859626,50,0.0,0,0
499,2020-05-04 18:00:00,16,highway,daylight,1,5,18,False,5923.390306467097,0.4053879480430782,22.483946106662746,37.44286950881305,11.33382852504107,0.0,168.82223663502475,1,2401.2710417969565,133181.18841933474,100,0.0,0,0
507,2020-05-06 18:00:00,76,local,dark,0,5,18,False,200.77457855673413,0.03380164786713026,15.471228820931708,13.37458732264651,13.932495523935096,0.0,0.0,0,6.786511605046209,3106.2294462773625,30,0.0,0,0
521,2020-05-10 06:00:00,85,arterial,daylight,0,5,6,False,152.66835789342062,1.0723335989098557,9.588899802335433,14.897625143365484,-1.217773657606572,0.0,0.0,0,163.7114096595096,1463.9215868270962,50,0.0,0,0
527,2020-05-11 18:00:00,10,arterial,dark,1,5,18,False,665.4384637331773,1.23395435404902,19.29285210630666,5.907254355729359,25.943525974813873,0.0,1502.7685571253255,1,821.1206896752451,12838.205866652099,50,0.0,0,0
532,2020-05-13 00:00:00,138,arterial,dark,1,5,0,False,6850.033419817215,0.3603520550866128,11.363719019065153,13.227085214913412,1.8190441334185863,0.0,145.9846892289591,1,2468.4236202431116,77841.85505400879,50,0.0,0,1
541,2020-05-15 06:00:00,80,local,dark,0,5,6,False,1275.248000794435,2.402798738182662,19.39829036189722,6.949240462807442,40.292576973985426,1.0,0.0,0,3064.164287178831,24737.63100283939,30,1.0,0,0
562,2020-05-20 12:00:00,74,highway,daylight,0,5,12,False,6104.358880956645,0.059985852692514705,19.03212652609985,30.789286377621806,5.957959505218,0.0,0.0,0,366.17517261530924,116178.93058308818,100,0.0,0,0
566,2020-05-21 12:00:00,141,local,dark,0,5,12,False,400.75203630534355,0.8965872180818462,16.906071725284693,19.156992890871194,16.4193478345894,0.0,0.0,0,359.309153371643,6775.142669832034,30,0.0,0,0
580,2020-05-25 00:00:00,105,local,dark,1,5,0,False,2510.8375054010617,0.8250227177261165,11.92022927785319,34.381635771709256,-7.047404801510808,0.0,398.27348358820524,1,2071.4979824746465,29929.758743813603,30,0.0,0,1
595,2020-05-28 18:00:00,177,arterial,dark,0,5,18,False,1018.1088017540139,4.032771811026777,22.419510740267654,12.185185002623683,-4.967321897689207,0.0,0.0,0,4105.8004762718365,22825.501215685148,50,0.0,0,0
631,2020-06-06 18:00:00,83,arterial,dark,1,6,18,False,5749.517057836373,1.1156362087215201,23.140205852026682,5.39056740204159,-3.7012371736771783,0.0,173.9276516515484,1,6414.369412384281,133045.00826807247,50,0.0,0,0
653,2020-06-12 06:00:00,133,arterial,daylight,0,6,6,False,6526.037135842547,2.1817511728426187,21.370542081797957,34.56996013100851,14.566863135229287,0.0,0.0,0,14238.189175138961,139464.95123889938,50,0.0,0,0
693,2020-06-22 06:00:00,91,highway,daylight,0,6,6,False,1061.7019436011035,0.1423709244518885,12.177553041275761,49.5791073571127,-11.055698133540808,0.0,0.0,0,151.1554872028559,12928.931732228004,100,0.0,0,0
716,2020-06-28 00:00:00,56,local,daylight,0,6,0,False,18504.99902859016,0.5772310732008655,14.88820681496787,8.275633799554527,23.830396380626738,0.0,0.0,0,10681.66044885407,275506.2526484298,30,0.0,0,1
728,2020-07-01 00:00:00,149,local,daylight,0,7,0,True,7162.023155146793,0.06750940991808452,16.443755355926584,7.7106820483966345,-4.6865453924562175,0.0,0.0,0,483.5039570236179,117770.55661671529,30,0.0,1,1
752,2020-07-07 00:00:00,102,highway,dark,0,7,0,True,5127.4640703810255,0.3131482660478475,21.015169334548794,32.99003065174162,10.35472570026836,0.0,0.0,0,1605.6564828624564,107754.52569587207,100,0.0,1,1
754,2020-07-07 12:00:00,156,arterial,daylight,0,7,12,True,6282.8354190609025,3.607769466713034,18.449680896157687,4.233327250131818,-2.392097371926056,0.0,0.0,0,22667.02178927111,115916.30860475081,50,0.0,1,0
823,2020-07-24 18:00:00,78,local,dark,0,7,18,True,19098.885042253816,4.442091500909815,7.9772094760215495,11.278790991041152,5.473588219804482,1.0,0.0,0,84838.99492304928,152355.80674051336,30,1.0,1,0
867,2020-08-04 18:00:00,79,arterial,daylight,0,8,18,True,6130.518483874023,0.6870168589190396,15.785939778017466,7.601969456658459,-2.613915589798184,0.0,0.0,0,4211.7695523362445,96775.99559445828,50,0.0,1,0
1034,2020-09-15 12:00:00,31,highway,dark,1,9,12,False,21030.38881511071,0.5232988186796457,16.73948773485737,25.41599287231075,4.293798012021704,1.0,47.550238314257044,1,11005.177623321068,352037.9356298273,100,1.0,0,0
1076,2020-09-26 00:00:00,77,arterial,dark,0,9,0,False,1997.699655785535,1.6523974676746702,7.808976681374395,28.37951995351262,4.993183056056739,0.0,0.0,0,3300.9938523945784,15599.990028418897,50,0.0,0,1
